{"cameraMode":{"drawMode":0,"name":"Shaded","section":"Shading Mode"},"sceneLighting":true,"audioPlay":false,"sceneViewState":{"m_AlwaysRefresh":false,"showFog":true,"showSkybox":true,"showFlares":true,"showImageEffects":true,"showParticleSystems":true,"showVisualEffectGraphs":true,"m_FxEnabled":false},"in2DMode":false,"pivot":{"x":-0.03198636695742607,"y":-0.03472736105322838,"z":0.0460556223988533},"rotation":{"x":-0.0038183152209967376,"y":0.8607625365257263,"z":0.508969783782959,"w":0.0064550177194178108},"size":0.16994792222976685,"orthographic":true}