{"cameraMode":{"drawMode":0,"name":"Shaded","section":"Shading Mode"},"sceneLighting":true,"audioPlay":false,"sceneViewState":{"m_AlwaysRefresh":false,"showFog":true,"showSkybox":true,"showFlares":true,"showImageEffects":true,"showParticleSystems":true,"showVisualEffectGraphs":true,"m_FxEnabled":true},"in2DMode":false,"pivot":{"x":0.04880023002624512,"y":0.04034513235092163,"z":-0.07308757305145264},"rotation":{"x":-0.07757744938135147,"y":0.9112849235534668,"z":-0.20168626308441163,"w":-0.35052061080932619},"size":1.2093355655670167,"orthographic":false}