{"cameraMode":{"drawMode":0,"name":"Shaded","section":"Shading Mode"},"sceneLighting":true,"audioPlay":false,"sceneViewState":{"m_AlwaysRefresh":false,"showFog":true,"showSkybox":true,"showFlares":true,"showImageEffects":true,"showParticleSystems":true,"showVisualEffectGraphs":true,"m_FxEnabled":true},"in2DMode":false,"pivot":{"x":-0.06485103815793991,"y":-0.09808050841093064,"z":-0.00015099719166755676},"rotation":{"x":-0.05607045814394951,"y":-0.916545569896698,"z":0.1385216861963272,"w":-0.3709784746170044},"size":0.057537782937288287,"orthographic":true}