{"cameraMode":{"drawMode":0,"name":"Shaded","section":"Shading Mode"},"sceneLighting":true,"audioPlay":false,"sceneViewState":{"m_AlwaysRefresh":false,"showFog":true,"showSkybox":true,"showFlares":true,"showImageEffects":true,"showParticleSystems":true,"showVisualEffectGraphs":true,"m_FxEnabled":true},"in2DMode":false,"pivot":{"x":-0.2942972183227539,"y":0.26890829205513,"z":0.02305903285741806},"rotation":{"x":0.03699742257595062,"y":-0.947751522064209,"z":0.11947309225797653,"w":0.29348188638687136},"size":0.10662876069545746,"orthographic":true}