{"cameraMode":{"drawMode":0,"name":"Shaded","section":"Shading Mode"},"sceneLighting":true,"audioPlay":false,"sceneViewState":{"m_AlwaysRefresh":false,"showFog":true,"showSkybox":true,"showFlares":true,"showImageEffects":true,"showParticleSystems":true,"showVisualEffectGraphs":true,"m_FxEnabled":true},"in2DMode":false,"pivot":{"x":0.013841062784194947,"y":0.03818340599536896,"z":-0.03376618027687073},"rotation":{"x":-0.07173319905996323,"y":0.9255741834640503,"z":-0.22356347739696504,"w":-0.2969875931739807},"size":0.2689564526081085,"orthographic":false}