{"cameraMode":{"drawMode":0,"name":"Shaded","section":"Shading Mode"},"sceneLighting":true,"audioPlay":false,"sceneViewState":{"m_AlwaysRefresh":false,"showFog":true,"showSkybox":true,"showFlares":true,"showImageEffects":true,"showParticleSystems":true,"showVisualEffectGraphs":true,"m_FxEnabled":true},"in2DMode":false,"pivot":{"x":-0.04649290442466736,"y":0.03216313198208809,"z":-0.02306719310581684},"rotation":{"x":0.32639405131340029,"y":-0.33479225635528567,"z":0.1248716190457344,"w":0.8750945925712586},"size":0.21019107103347779,"orthographic":true}