{"cameraMode":{"drawMode":0,"name":"Shaded","section":"Shading Mode"},"sceneLighting":true,"audioPlay":false,"sceneViewState":{"m_AlwaysRefresh":false,"showFog":true,"showSkybox":true,"showFlares":true,"showImageEffects":true,"showParticleSystems":true,"showVisualEffectGraphs":true,"m_FxEnabled":true},"in2DMode":false,"pivot":{"x":0.07137049734592438,"y":-0.08482702076435089,"z":0.33783403038978579},"rotation":{"x":0.09776179492473602,"y":-0.8318952918052673,"z":0.1552392542362213,"w":0.5237549543380737},"size":0.3337869942188263,"orthographic":true}