{"cameraMode":{"drawMode":0,"name":"Shaded","section":"Shading Mode"},"sceneLighting":true,"audioPlay":false,"sceneViewState":{"m_AlwaysRefresh":false,"showFog":true,"showSkybox":true,"showFlares":true,"showImageEffects":true,"showParticleSystems":true,"showVisualEffectGraphs":true,"m_FxEnabled":true},"in2DMode":false,"pivot":{"x":-0.05537816509604454,"y":-0.1208292692899704,"z":0.14479433000087739},"rotation":{"x":0.03610244765877724,"y":-0.901579737663269,"z":0.07672686129808426,"w":0.4242219030857086},"size":0.21155183017253877,"orthographic":true}